{
    "Business": {
        "url": "business",
        "faculty_count": 8,
        "department_count": 7,
        "article_count": 4,
        "tc_count": 42,
        "citation_average": 10,
        "doi_list": [
            "10.1080/09537325.2021.1991572",
            "10.1177/03063070221129452",
            "10.1177/1059601117728145",
            "10.1177/0894845317714892"
        ]
    },
    "Business administration and management": {
        "url": "business-administration-and-management",
        "faculty_count": 8,
        "department_count": 7,
        "article_count": 4,
        "tc_count": 42,
        "citation_average": 10,
        "doi_list": [
            "10.1080/09537325.2021.1991572",
            "10.1177/03063070221129452",
            "10.1177/1059601117728145",
            "10.1177/0894845317714892"
        ]
    },
    "Business management and administration": {
        "url": "business-management-and-administration",
        "faculty_count": 3,
        "department_count": 2,
        "article_count": 2,
        "tc_count": 1,
        "citation_average": 0,
        "doi_list": [
            "10.1177/03063070221129452",
            "10.1080/09537325.2021.1991572"
        ]
    },
    "Business administration and management nec": {
        "url": "business-administration-and-management-nec",
        "faculty_count": 3,
        "department_count": 2,
        "article_count": 2,
        "tc_count": 1,
        "citation_average": 0,
        "doi_list": [
            "10.1177/03063070221129452",
            "10.1080/09537325.2021.1991572"
        ]
    },
    "Social sciences": {
        "url": "social-sciences",
        "faculty_count": 8,
        "department_count": 7,
        "article_count": 3,
        "tc_count": 42,
        "citation_average": 14,
        "doi_list": [
            "10.1080/09537325.2021.1991572",
            "10.1177/1059601117728145",
            "10.1177/0894845317714892"
        ]
    },
    "Economics": {
        "url": "economics",
        "faculty_count": 3,
        "department_count": 2,
        "article_count": 1,
        "tc_count": 1,
        "citation_average": 1,
        "doi_list": [
            "10.1080/09537325.2021.1991572"
        ]
    },
    "Applied economics": {
        "url": "applied-economics",
        "faculty_count": 3,
        "department_count": 2,
        "article_count": 1,
        "tc_count": 1,
        "citation_average": 1,
        "doi_list": [
            "10.1080/09537325.2021.1991572"
        ]
    },
    "Development economics and international development": {
        "url": "development-economics-and-international-development",
        "faculty_count": 3,
        "department_count": 2,
        "article_count": 1,
        "tc_count": 1,
        "citation_average": 1,
        "doi_list": [
            "10.1080/09537325.2021.1991572"
        ]
    },
    "Public policy analysis": {
        "url": "public-policy-analysis",
        "faculty_count": 3,
        "department_count": 2,
        "article_count": 1,
        "tc_count": 1,
        "citation_average": 1,
        "doi_list": [
            "10.1080/09537325.2021.1991572"
        ]
    },
    "Public policy analysis, general": {
        "url": "public-policy-analysis-general",
        "faculty_count": 3,
        "department_count": 2,
        "article_count": 1,
        "tc_count": 1,
        "citation_average": 1,
        "doi_list": [
            "10.1080/09537325.2021.1991572"
        ]
    },
    "Sociology, demography, and population studies": {
        "url": "sociology-demography-and-population-studies",
        "faculty_count": 6,
        "department_count": 5,
        "article_count": 2,
        "tc_count": 41,
        "citation_average": 20,
        "doi_list": [
            "10.1177/1059601117728145",
            "10.1177/0894845317714892"
        ]
    },
    "Sociology, general": {
        "url": "sociology-general",
        "faculty_count": 6,
        "department_count": 5,
        "article_count": 2,
        "tc_count": 41,
        "citation_average": 20,
        "doi_list": [
            "10.1177/1059601117728145",
            "10.1177/0894845317714892"
        ]
    },
    "Social sciences, other": {
        "url": "social-sciences-other",
        "faculty_count": 6,
        "department_count": 5,
        "article_count": 2,
        "tc_count": 41,
        "citation_average": 20,
        "doi_list": [
            "10.1177/1059601117728145",
            "10.1177/0894845317714892"
        ]
    },
    "Social sciences nec": {
        "url": "social-sciences-nec",
        "faculty_count": 6,
        "department_count": 5,
        "article_count": 2,
        "tc_count": 41,
        "citation_average": 20,
        "doi_list": [
            "10.1177/1059601117728145",
            "10.1177/0894845317714892"
        ]
    },
    "Organizational leadership": {
        "url": "organizational-leadership",
        "faculty_count": 6,
        "department_count": 5,
        "article_count": 2,
        "tc_count": 41,
        "citation_average": 20,
        "doi_list": [
            "10.1177/1059601117728145",
            "10.1177/0894845317714892"
        ]
    }
}